code,district_code,regency_code,province_code,name,postal_code
9401011001,940101,9401,94,Wonorejo,98813
9401011002,940101,9401,94,"Kali Bobo",98818
9401011003,940101,9401,94,Morgo,98811
9401011004,940101,9401,94,Girimulyo,98814
9401011005,940101,9401,94,"Karang Tumaritis",98812
9401011006,940101,9401,94,Oyehe,98816
9401011007,940101,9401,94,"Karang Mulia",98815
9401011008,940101,9401,94,Nabarua,
9401011009,940101,9401,94,Siriwini,98817
9401012010,940101,9401,94,Kalisusu,
9401012011,940101,9401,94,"Kali Harapan",98821
9401012012,940101,9401,94,Sanoba,98822
9401022001,940102,9401,94,Napan,98862
9401022002,940102,9401,94,Masipawa,
9401022003,940102,9401,94,Weinami,
9401032001,940103,9401,94,Yaur,98852
9401032002,940103,9401,94,Akudiomi,98852
9401032003,940103,9401,94,Sima,
9401032004,940103,9401,94,Wami,98852
9401042001,940104,9401,94,Topo,
9401042002,940104,9401,94,Urumusu,
9401042003,940104,9401,94,"Marga Jaya",
9401042004,940104,9401,94,"Argo Mulyo",
9401042005,940104,9401,94,"Topo Jaya",98842
9401042006,940104,9401,94,"Gamei Jaya",
9401052001,940105,9401,94,"Bumi Mulia",98854
9401052002,940105,9401,94,Karadiri,
9401052003,940105,9401,94,"Wanggar Makmur",
9401062001,940106,9401,94,Unipo,98841
9401062002,940106,9401,94,Aibore,98841
9401062003,940106,9401,94,Epomani,98841
9401062004,940106,9401,94,Tibai,98841
9401062005,940106,9401,94,Mabou,98841
9401062006,940106,9401,94,Ugida,98841
9401072001,940107,9401,94,Makimi,98863
9401072002,940107,9401,94,Nifasi,98863
9401072003,940107,9401,94,Biha,98863
9401072004,940107,9401,94,"Lagari Jaya",98863
9401072005,940107,9401,94,Maidei,98863
9401072006,940107,9401,94,"Manunggal Jaya",98863
9401082001,940108,9401,94,"Napan Yaur",98851
9401082002,940108,9401,94,Yeretuar,98851
9401082003,940108,9401,94,Bawei,98851
9401082004,940108,9401,94,Goni,98851
9401092001,940109,9401,94,Samabusa,98834
9401092002,940109,9401,94,Waharia,98835
9401092003,940109,9401,94,Kimi,98832
9401092004,940109,9401,94,Lani,98833
9401092005,940109,9401,94,"Air Mandidi",98831
9401102001,940110,9401,94,"Wanggar Sari",98853
9401102002,940110,9401,94,Wiraska,98853
9401102003,940110,9401,94,"Yaro Makmur",98853
9401102004,940110,9401,94,"Jaya Mukti",98853
9401102005,940110,9401,94,"Wanggar Pantai",98853
9401102006,940110,9401,94,Ororodo,98853
9401102007,940110,9401,94,Bomopai,98853
9401102008,940110,9401,94,Parauto,98853
9401112001,940111,9401,94,Totoberi,98861
9401112002,940111,9401,94,Samanui,98861
9401112003,940111,9401,94,Kamarisano,98861
9401112004,940111,9401,94,Taumi,98861
9401112005,940111,9401,94,Keuw,98861
9401122001,940112,9401,94,"Bumi Raya",98856
9401122002,940112,9401,94,Waroki,98856
9401122003,940112,9401,94,"Gerbang Sadu",98856
9401122004,940112,9401,94,"Kali Semen",98856
9401122005,940112,9401,94,Wadio,98856
9401132001,940113,9401,94,Mambor,98864
9401132002,940113,9401,94,Hariti,98864
9401132003,940113,9401,94,Moor,98864
9401132004,940113,9401,94,Kama,98864
9401132005,940113,9401,94,Arui,98864
9401142001,940114,9401,94,Epouwa,98843
9401142002,940114,9401,94,Dikiya,98843
9401142003,940114,9401,94,Tagauto,98843
9401142004,940114,9401,94,Jigikebo,98843
9401142005,940114,9401,94,Jainoa,98843
9401152001,940115,9401,94,Kunupi,98855
9401152002,940115,9401,94,Ogiyai,98855
9401152003,940115,9401,94,Lokodimi,98855
9401152004,940115,9401,94,Yegeugi,98855
9402011010,940201,9402,94,Wuyukwi,
9402011011,940201,9402,94,Pagaleme,
9402012001,940201,9402,94,Pruleme,98915
9402012002,940201,9402,94,Wuyukwi,
9402012003,940201,9402,94,Wuyuneri,98915
9402012004,940201,9402,94,Pepera,
9402012005,940201,9402,94,Muliagambut,
9402012006,940201,9402,94,Trikora,
9402012007,940201,9402,94,Towogi,
9402012008,940201,9402,94,"Birak Ambut",
9402012009,940201,9402,94,Usir,
9402021021,940202,9402,94,Wurak,
9402022001,940202,9402,94,Wurak,
9402022002,940202,9402,94,Lambo,98935
9402022003,940202,9402,94,Pindebaga,
9402022004,940202,9402,94,Dolinggame,
9402022005,940202,9402,94,Belantara,
9402022006,940202,9402,94,Kalengga,
9402022007,940202,9402,94,"Pulau Timur",
9402022008,940202,9402,94,Girmor,
9402022009,940202,9402,94,Maka,
9402022010,940202,9402,94,Mobigi,98935
9402022011,940202,9402,94,"Juria I",
9402022012,940202,9402,94,Gubulome,
9402022013,940202,9402,94,"Megawi Megewa",
9402022014,940202,9402,94,Kurikpulok,
9402022015,940202,9402,94,"Puky paky",
9402022016,940202,9402,94,Kaninonggo,
9402022017,940202,9402,94,Kirigimaduk,
9402022018,940202,9402,94,Pologengga,98935
9402022019,940202,9402,94,Ginipago,
9402022020,940202,9402,94,Aulukme,
9402032001,940203,9402,94,Fawi,98942
9402032002,940203,9402,94,Bakusi,
9402032003,940203,9402,94,Turumo,
9402032004,940203,9402,94,Kaho,
9402032005,940203,9402,94,Biricare,
9402032006,940203,9402,94,Dorey,
9402032007,940203,9402,94,Fii,98942
9402032008,940203,9402,94,Evo,98942
9402032009,940203,9402,94,Yerei,
9402042001,940204,9402,94,Mewoluk,98945
9402042002,940204,9402,94,Gumbru,
9402042003,940204,9402,94,Anggulobaga,
9402042004,940204,9402,94,Balinggup,
9402042005,940204,9402,94,Waliba,98945
9402042006,940204,9402,94,Nggininik,
9402042007,940204,9402,94,Biak,98945
9402042008,940204,9402,94,Wutikme,98945
9402052001,940205,9402,94,Yambuni,
9402052002,940205,9402,94,Yogolawi,
9402052003,940205,9402,94,Wundu,98925
9402052004,940205,9402,94,Binime,
9402052005,940205,9402,94,Tiogeme,98925
9402052006,940205,9402,94,Goyage,98925
9402052007,940205,9402,94,Kalimbut,98925
9402052008,940205,9402,94,Wolame,98925
9402052009,940205,9402,94,Muara,98925
9402052010,940205,9402,94,Gibaga,98925
9402052011,940205,9402,94,Nami,
9402052012,940205,9402,94,Linwakwi,
9402052013,940205,9402,94,Kwantineri,
9402052014,940205,9402,94,Jileyale,
9402062001,940206,9402,94,Mepar,
9402062002,940206,9402,94,Anebalui,
9402062003,940206,9402,94,Pagolome,
9402062004,940206,9402,94,Tombok,
9402062005,940206,9402,94,Kering,
9402062006,940206,9402,94,Meyongga,
9402062007,940206,9402,94,Oum,
9402062008,940206,9402,94,Nume,
9402062009,940206,9402,94,Yawor,
9402062010,940206,9402,94,Wurina,
9402062011,940206,9402,94,Woraluk,
9402062012,940206,9402,94,Onendu,
9402062013,940206,9402,94,Akwibaga,
9402072001,940207,9402,94,Gubugani,98926
9402072002,940207,9402,94,Ambok,
9402072003,940207,9402,94,Awiyam,98926
9402072004,940207,9402,94,Tubugime,98926
9402072005,940207,9402,94,Wariru,98926
9402072006,940207,9402,94,Digi,98926
9402072007,940207,9402,94,Kikup,98926
9402072008,940207,9402,94,"Gunung Tayok",98926
9402072009,940207,9402,94,Nambu,98926
9402072010,940207,9402,94,Asua,
9402072011,940207,9402,94,Degei,98926
9402072012,940207,9402,94,Sigou,98926
9402072013,940207,9402,94,Nalu,98926
9402082001,940208,9402,94,Tinggineri,
9402082002,940208,9402,94,Monia,98922
9402082003,940208,9402,94,Tingginambut,98922
9402082004,940208,9402,94,Melekom,
9402082005,940208,9402,94,Gigume,
9402082006,940208,9402,94,Papua,
9402082007,940208,9402,94,Tingginime,
9402082008,940208,9402,94,Tombo,98922
9402082009,940208,9402,94,Gimanggen,
9402082010,940208,9402,94,Uragi,98922
9402082011,940208,9402,94,Yamengga,
9402082012,940208,9402,94,Degi,
9402082013,940208,9402,94,Jugumblawi,
9402082014,940208,9402,94,Paralo,
9402082015,940208,9402,94,Womelagandan,
9402082016,940208,9402,94,Bigirage,
9402082017,940208,9402,94,Lumbuk,
9402082018,940208,9402,94,Inikimaluk,98922
9402082019,940208,9402,94,Yonggun,98922
9402082020,940208,9402,94,Gobak,98922
9402082021,940208,9402,94,Gubupur,98922
9402082022,940208,9402,94,Berime,98922
9402092001,940209,9402,94,Pagaleme,98916
9402092002,940209,9402,94,Muliambut,98916
9402092003,940209,9402,94,Lunggineri,98916
9402092004,940209,9402,94,Igimbut,98916
9402092005,940209,9402,94,"Kulok enggame",98916
9402102001,940210,9402,94,Yarmukum,98911
9402102002,940210,9402,94,Pilia,98911
9402102003,940210,9402,94,Yaniruk,98911
9402102004,940210,9402,94,Gwenggu,98911
9402102005,940210,9402,94,Tukwi,98911
9402102006,940210,9402,94,Tiru,98911
9402102007,940210,9402,94,Yogorini,98911
9402102008,940210,9402,94,Nalime,98911
9402102009,940210,9402,94,Urgele,98911
9402102010,940210,9402,94,Yagonik,98911
9402102011,940210,9402,94,Lulame,98911
9402112001,940211,9402,94,Wandenggobak,98913
9402112002,940211,9402,94,Jiginikime,98913
9402112003,940211,9402,94,"Puncak Senyum",98913
9402112004,940211,9402,94,Anggutari,98913
9402112005,940211,9402,94,Wunagelo,98913
9402112006,940211,9402,94,Dondo,98913
9402112007,940211,9402,94,Tanoba,98913
9402112008,940211,9402,94,Niruwi,98913
9402112009,940211,9402,94,Yalikambi,98913
9402122001,940212,9402,94,Kulirik,98914
9402122002,940212,9402,94,Doligobak,98914
9402122003,940212,9402,94,Yalinggua,98914
9402122004,940212,9402,94,Talilome,98914
9402122005,940212,9402,94,Muara,98914
9402122006,940212,9402,94,Karubate,98914
9402122007,940212,9402,94,Dologobak,98914
9402122008,940212,9402,94,Yambidugum,98914
9402132001,940213,9402,94,Ilamburawi,98912
9402132002,940213,9402,94,Berelema,98912
9402132003,940213,9402,94,Kalome,98912
9402132004,940213,9402,94,Temu,98912
9402132005,940213,9402,94,Jigunikime,98912
9402142001,940214,9402,94,Mondu,98917
9402142002,940214,9402,94,Yambi,98917
9402142003,940214,9402,94,Moulo,98917
9402142004,940214,9402,94,Tenolok,98917
9402142005,940214,9402,94,Ginigom,98917
9402142006,940214,9402,94,Dangenpaga,98917
9402142007,940214,9402,94,Wonome,98917
9402142008,940214,9402,94,Yoboluk,98917
9402142009,940214,9402,94,Tirineri,98917
9402152001,940215,9402,94,Lumo,98944
9402152002,940215,9402,94,Kililumo,98944
9402152003,940215,9402,94,Gilibe,98944
9402152004,940215,9402,94,Ninggineri,98944
9402152005,940215,9402,94,Wurabak,98944
9402152006,940215,9402,94,Wuluma,98944
9402152007,940215,9402,94,Tigir,98944
9402152008,940215,9402,94,Gililome,98944
9402152009,940215,9402,94,Wuramburu,98944
9402162001,940216,9402,94,Tiolome,98946
9402162002,940216,9402,94,Belabaga,98946
9402162003,940216,9402,94,Mewut,98946
9402162004,940216,9402,94,Maloinggen,98946
9402162005,940216,9402,94,Wanume,98946
9402172001,940217,9402,94,Dokome,98924
9402172002,940217,9402,94,Purbalo,98924
9402172003,940217,9402,94,Wurage,98924
9402172004,940217,9402,94,Nowoneri,98924
9402172005,940217,9402,94,Nowome,98924
9402172006,940217,9402,94,Imulineri,98924
9402172007,940217,9402,94,Molobak,98924
9402172008,940217,9402,94,Kimibut,98924
9402172009,940217,9402,94,Nungwawi,98924
9402182001,940218,9402,94,Kalome,98921
9402182002,940218,9402,94,Agape,98921
9402182003,940218,9402,94,Cilome,98921
9402182004,940218,9402,94,Longgawi,98921
9402182005,940218,9402,94,Wundini,98921
9402182006,940218,9402,94,Berem,98921
9402182007,940218,9402,94,Diraluk,98921
9402182008,940218,9402,94,Yanenggawi,98921
9402182009,940218,9402,94,Kayogebur,98921
9402182010,940218,9402,94,Wurabume,98921
9402182011,940218,9402,94,Binggelakme,98921
9402182012,940218,9402,94,Torage,98921
9402182013,940218,9402,94,Palumagi,98921
9402182014,940218,9402,94,Jiramok,98921
9402182015,940218,9402,94,Jinggwi,98921
9402182016,940218,9402,94,Pilibur,98921
9402192001,940219,9402,94,Wanuwi,98923
9402192002,940219,9402,94,Nenegame,98923
9402192003,940219,9402,94,Bime,98923
9402192004,940219,9402,94,Anggege,98923
9402192005,940219,9402,94,Pernaluk,98923
9402192006,940219,9402,94,Kiburu,98923
9402192007,940219,9402,94,Nuwi,98923
9402192008,940219,9402,94,Ponggoname,98923
9402192009,940219,9402,94,Gibume,98923
9402192010,940219,9402,94,Naburage,98923
9402192011,940219,9402,94,Yunggwi,98923
9402192012,940219,9402,94,Anggagalo,98923
9402192013,940219,9402,94,Anggalo,98923
9402192014,940219,9402,94,Wiyage,98923
9402192015,940219,9402,94,Piyabigimbut,98923
9402192016,940219,9402,94,Bunaluk,98923
9402192017,940219,9402,94,"Gereja Lama",98923
9402202001,940220,9402,94,Amberiambut,98937
9402202002,940220,9402,94,Kobarak,98937
9402202003,940220,9402,94,Wugiwagi,98937
9402202004,940220,9402,94,Yagaluk,98937
9402202005,940220,9402,94,Moulo,98937
9402202006,940220,9402,94,Jimbanime,98937
9402202007,940220,9402,94,Jiguluk,98937
9402202008,940220,9402,94,Yamoneri,98937
9402202009,940220,9402,94,Gumawi,98937
9402202010,940220,9402,94,Digolome,98937
9402202011,940220,9402,94,Bunume,98937
9402202012,940220,9402,94,Ngginigum,98937
9402202013,940220,9402,94,Jimbeneri,98937
9402202014,940220,9402,94,Jigelo,98937
9402202015,940220,9402,94,Piyapigi,98937
9402202016,940220,9402,94,Jibonok,98937
9402212001,940221,9402,94,Anggutare,98936
9402212002,940221,9402,94,Agopaga,98936
9402212003,940221,9402,94,Lerawera,98936
9402212004,940221,9402,94,Nakongwe,98936
9402212005,940221,9402,94,Ginilome,98936
9402212006,940221,9402,94,Yalibate,98936
9402212007,940221,9402,94,Wurunikime,98936
9402212008,940221,9402,94,Jimbinggame,98936
9402212009,940221,9402,94,Oriluk,98936
9402212010,940221,9402,94,Pagargom,98936
9402212011,940221,9402,94,Towoluk,98936
9402212012,940221,9402,94,Tenolok,98936
9402212013,940221,9402,94,Jiogobak,98936
9402212014,940221,9402,94,Tirigoi,98936
9402212015,940221,9402,94,Mondogoneri,98936
9402212016,940221,9402,94,Tenomanggen,98936
9402212017,940221,9402,94,Andiron,98936
9402212018,940221,9402,94,Ambitmbit,98936
9402212019,940221,9402,94,Aulakme,98936
9402222001,940222,9402,94,Nioga,98932
9402222002,940222,9402,94,Yonggi,98932
9402222003,940222,9402,94,Wonggi,98932
9402222004,940222,9402,94,Wambagalo,98932
9402222005,940222,9402,94,Jigonikme,98932
9402222006,940222,9402,94,Muruwi,98932
9402222007,940222,9402,94,Wutime,98932
9402222008,940222,9402,94,Gibaga,98932
9402222009,940222,9402,94,Papak,98932
9402222010,940222,9402,94,Wanduri,98932
9402222011,940222,9402,94,Walom,98932
9402232001,940223,9402,94,Gubume,98931
9402232002,940223,9402,94,Milineri,98931
9402232003,940223,9402,94,Melela,98931
9402232004,940223,9402,94,Kenendaga,98931
9402232005,940223,9402,94,Apelome,98931
9402232006,940223,9402,94,Kumigi,98931
9402232007,940223,9402,94,Noba-Noba,98931
9402232008,940223,9402,94,Nogi,98931
9402232009,940223,9402,94,Gubuneri,98931
9402232010,940223,9402,94,Liguni,98931
9402232011,940223,9402,94,Mondu,98931
9402232012,940223,9402,94,Jinggi,98931
9402232013,940223,9402,94,Ginilume,98931
9402232014,940223,9402,94,Wunggani,98931
9402232015,940223,9402,94,Menggegenikime,98931
9402232016,940223,9402,94,Tinggirege,98931
9402232017,940223,9402,94,Timoramo,98931
9402242001,940224,9402,94,Guna,98934
9402242002,940224,9402,94,Mandura,98934
9402242003,940224,9402,94,Lugubago,98934
9402242004,940224,9402,94,Andugir,98934
9402242005,940224,9402,94,"Muara Miguni",98934
9402242006,940224,9402,94,Abili,98934
9402242007,940224,9402,94,Pereya,98934
9402242008,940224,9402,94,Ginimanggen,98934
9402242009,940224,9402,94,Laworege,98934
9402242010,940224,9402,94,Wumbiri,98934
9402252001,940225,9402,94,Dagai,98941
9402252002,940225,9402,94,"Dagai 2",98941
9402252003,940225,9402,94,Deide,98941
9402252004,940225,9402,94,Farride,98941
9402252005,940225,9402,94,Soi,98941
9402252006,940225,9402,94,Mbomban,98941
9402252007,940225,9402,94,Yeihneri,98941
9402252008,940225,9402,94,"Mandara Lani",98941
9402252009,940225,9402,94,Debite,98941
9402252010,940225,9402,94,Gueri,98941
9402262001,940226,9402,94,Kiyage,98943
9402262002,940226,9402,94,Wanggiba,98943
9402262003,940226,9402,94,Amuringgik,98943
9402262004,940226,9402,94,Tenggabanggwi,98943
9402262005,940226,9402,94,Tumbiwolu,98943
9402262006,940226,9402,94,Kelandu,98943
9402262007,940226,9402,94,Ambo,98943
9402262008,940226,9402,94,Atoli,98943
9403011001,940301,9403,94,Enarotali,98714
9403011006,940301,9403,94,Timida,98713
9403012002,940301,9403,94,Madi,98714
9403012003,940301,9403,94,Aikai,98711
9403012004,940301,9403,94,Ipakiye,98711
9403012005,940301,9403,94,Papato,98711
9403012007,940301,9403,94,Kopo,98712
9403012008,940301,9403,94,Wage,98711
9403012009,940301,9403,94,Kagupago,98711
9403012010,940301,9403,94,Oyaigo,98714
9403012011,940301,9403,94,Kogekotu,98713
9403012012,940301,9403,94,Awabutu,98713
9403012013,940301,9403,94,Geko,98711
9403012014,940301,9403,94,Mugimeketago,98714
9403012015,940301,9403,94,Tuamakida,98713
9403012016,940301,9403,94,Geibu,98711
9403012017,940301,9403,94,Pudotadi,98714
9403012018,940301,9403,94,Kogekotu,98713
9403012019,940301,9403,94,Iyaitaka,98714
9403012020,940301,9403,94,Ugibutu,98714
9403012021,940301,9403,94,Woeyubutu,98712
9403012022,940301,9403,94,Amougibutu,98713
9403012023,940301,9403,94,Dapaiba,98714
9403012024,940301,9403,94,Yukekebo,98711
9403012025,940301,9403,94,Agumaida,98711
9403012026,940301,9403,94,"Yagiyo Butu",98714
9403021001,940302,9403,94,Obano,98723
9403022002,940302,9403,94,Kegouda,98723
9403022003,940302,9403,94,Totiyo,98723
9403022004,940302,9403,94,Beko,98723
9403022005,940302,9403,94,Tipakotu,98723
9403022006,940302,9403,94,"Epo Obano",98723
9403022007,940302,9403,94,Towauwo,98723
9403022008,940302,9403,94,Wiyogei,98723
9403022009,940302,9403,94,Ekinauwo,98723
9403022010,940302,9403,94,Kigodide,98723
9403022011,940302,9403,94,Putakogopa,98723
9403022012,940302,9403,94,Waukotopa,98723
9403022013,940302,9403,94,Digiugii,98723
9403032001,940303,9403,94,Toyaimoti,98731
9403032002,940303,9403,94,Agapo,98731
9403032003,940303,9403,94,Abatadi,98731
9403032005,940303,9403,94,Baguwo,98731
9403032006,940303,9403,94,Makidini,98731
9403032007,940303,9403,94,Tagiya,98731
9403032008,940303,9403,94,Emai,98731
9403032009,940303,9403,94,Dinubutu,98731
9403032013,940303,9403,94,Duwadide,98731
9403042001,940304,9403,94,Bogobaida,98736
9403042002,940304,9403,94,Nawipauwo,98736
9403042003,940304,9403,94,Madou,98736
9403042004,940304,9403,94,"Jibudide II",98736
9403042005,940304,9403,94,Yamauwo,98736
9403042006,940304,9403,94,Kagoudide,98736
9403042007,940304,9403,94,Eyapouda,98736
9403042008,940304,9403,94,Miyokepi,98736
9403042009,940304,9403,94,"Obaya Dimi",98736
9403051001,940305,9403,94,Bibida,98741
9403052002,940305,9403,94,Ugidimi,98741
9403052003,940305,9403,94,Odiyai,98741
9403052004,940305,9403,94,Tuwaktu,98741
9403052005,940305,9403,94,Kugaisiga,98741
9403052006,940305,9403,94,Kolaitaga,98741
9403052007,940305,9403,94,Dama-dama,98741
9403062001,940306,9403,94,Duma,98743
9403062002,940306,9403,94,Bomosiga,98743
9403062003,940306,9403,94,Japesigaiwaka,98743
9403062004,940306,9403,94,Waitapa,98743
9403062005,940306,9403,94,"Dama II",98743
9403072001,940307,9403,94,Todia,98724
9403072002,940307,9403,94,Dadou,98724
9403072003,940307,9403,94,Bua,98724
9403072004,940307,9403,94,Kepi,98724
9403072005,940307,9403,94,Wageme,98724
9403072006,940307,9403,94,Bugubutu,98724
9403072007,940307,9403,94,Dogomouto,98724
9403072008,940307,9403,94,Giwo,98724
9403072009,940307,9403,94,Nomokepota,98724
9403072010,940307,9403,94,Eguai,98724
9403072011,940307,9403,94,Degatadi,98724
9403072012,940307,9403,94,Uwoyupi,98724
9403072013,940307,9403,94,Wegekebo,98724
9403072014,940307,9403,94,Yinotadi,98724
9403082001,940308,9403,94,"Kebo II",98715
9403082002,940308,9403,94,Togowa,98715
9403082003,940308,9403,94,Ibumaida,98715
9403082004,940308,9403,94,Kagupagu,98715
9403082005,940308,9403,94,Ayaiga,98715
9403082006,940308,9403,94,Geibu,98715
9403082007,940308,9403,94,Yokadagi,98715
9403082008,940308,9403,94,Bunaida,98715
9403082009,940308,9403,94,Kedege,98715
9403082010,940308,9403,94,Uwaiye,98715
9403082011,940308,9403,94,Dawawa,98715
9403082012,940308,9403,94,"Mugime Ketago",98715
9403082013,940308,9403,94,Tuwamakida,98715
9403092001,940309,9403,94,Wotai,98726
9403092002,940309,9403,94,Keniapa,98726
9403092003,940309,9403,94,Memiyaibutu,98726
9403092004,940309,9403,94,Dimiya,98726
9403092005,940309,9403,94,Udaugi,98726
9403102001,940310,9403,94,"Pasir Putih",98733
9403102002,940310,9403,94,Geida,98733
9403102003,940310,9403,94,Widimeida,98733
9403102004,940310,9403,94,Makidimi,98733
9403102005,940310,9403,94,Iteuwo,98733
9403102006,940310,9403,94,Ogeida,98733
9403102007,940310,9403,94,"Teguogi Pugaida",98733
9403102008,940310,9403,94,Dabamomaida,98733
9403102009,940310,9403,94,Baguwo,98733
9403102010,940310,9403,94,Keneugi,98733
9403102011,940310,9403,94,Debamomaida,98733
9403102012,940310,9403,94,"Tegougi Pugaida",98733
9403111006,940311,9403,94,Badawo,98717
9403112001,940311,9403,94,Uwamani,98717
9403112002,940311,9403,94,Muyadebe,98717
9403112003,940311,9403,94,Woubutu,98717
9403112004,940311,9403,94,Kugitadi,98717
9403112005,940311,9403,94,Kobouyagapa,98717
9403112007,940311,9403,94,Geko,98717
9403112008,940311,9403,94,Kinou,98717
9403112009,940311,9403,94,Toko,98717
9403112010,940311,9403,94,"Yagiyo Butu",98717
9403112011,940311,9403,94,Obaidagi,98717
9403122001,940312,9403,94,Dei,98716
9403122002,940312,9403,94,Obaiyoweta,98716
9403122003,940312,9403,94,Bubugiwo,98716
9403122004,940312,9403,94,Yimouto,98716
9403122005,940312,9403,94,Tamugauwo,98716
9403122006,940312,9403,94,Dagouto,98716
9403122007,940312,9403,94,Kopabutu,98716
9403122008,940312,9403,94,Boutai,98716
9403122009,940312,9403,94,"Buka Duwata",98716
9403132001,940313,9403,94,Pugo,98719
9403132002,940313,9403,94,Waidide,98719
9403132003,940313,9403,94,Kopaidagi,98719
9403132004,940313,9403,94,Uwibutu,98719
9403132005,940313,9403,94,Tipago,98719
9403132006,940313,9403,94,Boba,98719
9403132007,940313,9403,94,Iyaidagi,98719
9403132008,940313,9403,94,Iyaitadi,98719
9403132009,940313,9403,94,Walepo,98719
9403142001,940314,9403,94,Muyetadi,98721
9403142002,940314,9403,94,Mogeya,98721
9403142003,940314,9403,94,Epabutu,98721
9403142004,940314,9403,94,"Tiga Damuto",98721
9403142005,940314,9403,94,Bebiyai,98721
9403142006,940314,9403,94,Idaiyo,98721
9403142007,940314,9403,94,Tinou,98721
9403142008,940314,9403,94,Damuto,98721
9403142009,940314,9403,94,Obaiyodimi,98721
9403142010,940314,9403,94,Amopa,98721
9403152001,940315,9403,94,Okaitadi,98722
9403152002,940315,9403,94,Kito,98722
9403152003,940315,9403,94,Geiketago,98722
9403152004,940315,9403,94,Kadiyai,98722
9403152005,940315,9403,94,Uwodege,98722
9403152006,940315,9403,94,"Digiyo Tuwataida",98722
9403152007,940315,9403,94,Itoka,98722
9403162001,940316,9403,94,Ukauwo,98727
9403162002,940316,9403,94,Waipa,98727
9403162003,940316,9403,94,Ukago,98727
9403162004,940316,9403,94,Totiyo,98727
9403162005,940316,9403,94,Biyadide,98727
9403162006,940316,9403,94,Pekege,98727
9403172001,940317,9403,94,Panibagata,98718
9403172002,940317,9403,94,Pugaida,98718
9403172003,940317,9403,94,Aweubutu,98718
9403172004,940317,9403,94,Ipuwa,98718
9403172005,940317,9403,94,Munaiyepa,98718
9403172006,940317,9403,94,"Kebo I",98718
9403172007,940317,9403,94,Payogei,98718
9403172008,940317,9403,94,Detauwo,98718
9403172009,940317,9403,94,Yaibu,98718
9403172010,940317,9403,94,Woyouto,98718
9403182001,940318,9403,94,Youtadi,98737
9403182002,940318,9403,94,Uwagi,98737
9403182003,940318,9403,94,Ipouwa,98737
9403182004,940318,9403,94,Munaiyepa,98737
9403182005,940318,9403,94,Dokoneida,98737
9403182006,940318,9403,94,Namutadi,98737
9403192001,940319,9403,94,Nomouwodide,98735
9403192002,940319,9403,94,Pikokebo,98735
9403192003,940319,9403,94,"Baya Biru",98735
9403192004,940319,9403,94,"Jigitopa Timur",98735
9403192005,940319,9403,94,Maatadi,98735
9403192006,940319,9403,94,Pupekebo,98735
9403202001,940320,9403,94,Uwebutu,98725
9403202002,940320,9403,94,Epouto,98725
9403202003,940320,9403,94,Tugumo,98725
9403202004,940320,9403,94,"Tugu Kagomoma",98725
9403202005,940320,9403,94,Deiyamo,98725
9403202006,940320,9403,94,Miyamo,98725
9403212001,940321,9403,94,Dogomo,98742
9403212002,940321,9403,94,"Bomog Budoga",98742
9403212003,940321,9403,94,Dangipa,98742
9403212004,940321,9403,94,Odegapa,98742
9403212005,940321,9403,94,Sogomo,98742
9403222001,940322,9403,94,Deta,98732
9403222002,940322,9403,94,Tuguwai,98732
9403222003,940322,9403,94,"Tuwogai Moma",98732
9403222004,940322,9403,94,Bumaida,98732
9403222005,940322,9403,94,Debaiye,98732
9403222007,940322,9403,94,Komopa,98732
9403232001,940323,9403,94,Obaipugaida,98734
9403232002,940323,9403,94,Eyagitaida,98734
9403232003,940323,9403,94,Momageida,98734
9403232004,940323,9403,94,Ekauwiya,98734
9403232005,940323,9403,94,DebaKebouda,98734
9403232006,940323,9403,94,Kaidoutadi,98734
9403232007,940323,9403,94,Pogeidimi,98734
9403232008,940323,9403,94,Okonobaida,98734
9403232009,940323,9403,94,Gakokotu,98734
9403232010,940323,9403,94,Kegama,98734
9403242001,940324,9403,94,Yabomaida,98732
9403242002,940324,9403,94,Akoubaida,98732
9403242003,940324,9403,94,Dauwagu,98731
9403242004,940324,9403,94,Ganeyetaka,98731
9403242005,940324,9403,94,"Yabomaida II",98732
9403242006,940324,9403,94,Bodatadi,98731
9403242007,940324,9403,94,Ibouwagu,98731
9404011001,940401,9404,94,Koperapoka,99952
9404011002,940401,9404,94,Kwamki,99952
9404011003,940401,9404,94,"Timika Jaya",
9404011007,940401,9404,94,Sempan,99952
9404011008,940401,9404,94,"Pasar Sentral",
9404011009,940401,9404,94,Wanagon,
9404011010,940401,9404,94,"Kebun Sirih",
9404011011,940401,9404,94,Otomona,
9404011012,940401,9404,94,Perintis,
9404011013,940401,9404,94,"Dingo Narama",
9404011014,940401,9404,94,"Timika Indah",
9404012004,940401,9404,94,Nayaro,
9404012005,940401,9404,94,Minabua,
9404012006,940401,9404,94,Hangaitji,
9404022001,940402,9404,94,Kiliarma,99964
9404022002,940402,9404,94,Amungun,99964
9404022003,940402,9404,94,Aramsolki,99964
9404022004,940402,9404,94,Fakafuku,99964
9404022005,940402,9404,94,Masasimamo,99964
9404022006,940402,9404,94,Emogoma,99964
9404022007,940402,9404,94,"Emkoma Halama",99964
9404022008,940402,9404,94,"Hinat Untung",99964
9404031001,940403,9404,94,Wania,99962
9404032002,940403,9404,94,Kaugapa,99962
9404032003,940403,9404,94,Poumako,99962
9404032004,940403,9404,94,Tipuka,99962
9404032005,940403,9404,94,Muare,99962
9404032006,940403,9404,94,Hiripau,
9404042001,940404,9404,94,Kokonao,99975
9404042002,940404,9404,94,Migiwia,99975
9404042003,940404,9404,94,Kiura,99975
9404042004,940404,9404,94,Mimika,99975
9404042005,940404,9404,94,Aparuka,
9404042006,940404,9404,94,Atapo,
9404042007,940404,9404,94,Apuri,
9404052001,940405,9404,94,"Sempan Timur",99965
9404052002,940405,9404,94,Wenin,99965
9404052003,940405,9404,94,Noema,99965
9404052004,940405,9404,94,Wapu,99965
9404052005,940405,9404,94,Sumapro,99965
9404052006,940405,9404,94,Wacakam,99965
9404052007,940405,9404,94,Waituku,99965
9404052008,940405,9404,94,Bulumen,99965
9404052009,940405,9404,94,Kanmapiri,99965
9404052010,940405,9404,94,Jaitak,99965
9404062001,940406,9404,94,Jila,99961
9404062002,940406,9404,94,Diloa,99961
9404062003,940406,9404,94,Noemun,99961
9404062004,940406,9404,94,"Pasir Putih",
9404062005,940406,9404,94,Jengkon,
9404062006,940406,9404,94,"Pilik Ogom",99961
9404062007,940406,9404,94,Bunaraugin,99961
9404062008,940406,9404,94,Umpliga,99961
9404062009,940406,9404,94,"Amua Ogom",99961
9404062010,940406,9404,94,Pusuwe,99961
9404062011,940406,9404,94,Wandud,99961
9404062012,940406,9404,94,"Diloa Dua",
9404072001,940407,9404,94,Ayuka,99971
9404072002,940407,9404,94,Amamapare,99971
9404072003,940407,9404,94,Ohotya,99971
9404072004,940407,9404,94,Omawita,99971
9404072005,940407,9404,94,Fanamo,99971
9404082001,940408,9404,94,Atuka,99972
9404082002,940408,9404,94,Tiwaka,99972
9404082003,940408,9404,94,Keakwa,99972
9404082004,940408,9404,94,Aikawapuka,99972
9404082005,940408,9404,94,Kamoro,99972
9404091001,940409,9404,94,"Kuala Kencana",99969
9404091002,940409,9404,94,"Karang Senang",
9404092003,940409,9404,94,"Utikini Baru",
9404092004,940409,9404,94,Bhintuka,
9404092005,940409,9404,94,"Tioka Kencana",
9404092006,940409,9404,94,"Mimika Gunung",99969
9404092007,940409,9404,94,"Karya Kencana",99969
9404092008,940409,9404,94,"Utikini Dua",99969
9404092009,940409,9404,94,"Utikini Tiga",99969
9404092010,940409,9404,94,Jimbi,99969
9404101001,940410,9404,94,Tembagapura,99967
9404102002,940410,9404,94,Waa,99967
9404102003,940410,9404,94,Arwanop,99967
9404102004,940410,9404,94,T'Singa,99967
9404102005,940410,9404,94,Jagamin,
9404102006,940410,9404,94,Banigogom,99967
9404102007,940410,9404,94,Opitawak,99967
9404102008,940410,9404,94,Doliningokngin,99967
9404102009,940410,9404,94,"Banti Dua",99967
9404102010,940410,9404,94,Aingogin,
9404102011,940410,9404,94,Baluni,
9404102012,940410,9404,94,Noselanop,
9404102013,940410,9404,94,Meningimponogama,99967
9404102014,940410,9404,94,Jongkogama,99967
9404112001,940411,9404,94,"Potowai Buru",99974
9404112002,940411,9404,94,Yapkoka,99974
9404112003,940411,9404,94,Aindua,99974
9404112004,940411,9404,94,Tapomai,99974
9404112005,940411,9404,94,Umar,99974
9404122001,940412,9404,94,Kapiraya,99976
9404122002,940412,9404,94,Uta,99976
9404122003,940412,9404,94,Mupuruka,99976
9404122004,940412,9404,94,Wumuka,99976
9404122005,940412,9404,94,Akar,99976
9404122006,940412,9404,94,Mapar,99976
9404122007,940412,9404,94,Kipia,99976
9404122008,940412,9404,94,Pronggo,99976
9404122009,940412,9404,94,Wakia,99976
9404131001,940413,9404,94,Harapan,99951
9404132002,940413,9404,94,Meekurima,99951
9404132003,940413,9404,94,"Landun Mekar",99951
9404132004,940413,9404,94,Olaroa,99951
9404132005,940413,9404,94,"Bintang Lima",99951
9404132006,940413,9404,94,Damai,99951
9404132007,940413,9404,94,Walani,99951
9404132008,940413,9404,94,Amole,99951
9404132009,940413,9404,94,Lamopi,99951
9404132010,940413,9404,94,"Tunas Matoa",99951
9404142001,940414,9404,94,Hoya,99960
9404142002,940414,9404,94,Mamontoga,99960
9404142003,940414,9404,94,Jinonin,99960
9404142004,940414,9404,94,"Kulama Ogom",99960
9404142005,940414,9404,94,Puti,99960
9404142006,940414,9404,94,Jawa,99960
9404152001,940415,9404,94,"Limau Asri Timur",99968
9404152002,940415,9404,94,Wangirja,99968
9404152003,940415,9404,94,Iwaka,99968
9404152004,940415,9404,94,"Naena Muktipura",99968
9404152005,940415,9404,94,"Mulia Kencana",99968
9404152006,940415,9404,94,Pigapu,99968
9404152007,940415,9404,94,"Limau Asri Barat",99968
9404161002,940416,9404,94,"Kamoro Jaya",99963
9404161003,940416,9404,94,"Wonosari Jaya",99963
9404161005,940416,9404,94,Inauga,99963
9404162001,940416,9404,94,"Kadun Jaya",99963
9404162004,940416,9404,94,Nawaripi,99963
9404162006,940416,9404,94,"Mawokau Jaya",99963
9404162007,940416,9404,94,"Mandiri Jaya",99963
9404172001,940417,9404,94,Amar,99973
9404172002,940417,9404,94,Kawar,99973
9404172003,940417,9404,94,Manuare,99973
9404172004,940417,9404,94,Ipiri,99973
9404172005,940417,9404,94,Paripi,99973
9404172006,940417,9404,94,Yaraya,99973
9404182001,940418,9404,94,Enggin,99966
9404182002,940418,9404,94,Alama,99966
9404182003,940418,9404,94,Senawak,99966
9404182004,940418,9404,94,Unimogom,99966
9404182005,940418,9404,94,Bemoki,99966
9404182006,940418,9404,94,Tagaralma,99966
9404182007,940418,9404,94,Geselema,99966
9404182008,940418,9404,94,Wuarem,99966
9404182009,940418,9404,94,Jenggelo,99966
9404182010,940418,9404,94,Purua,99966
9404182011,940418,9404,94,Kilmit,99966
9405012001,940501,9405,94,Kago,
9405012002,940501,9405,94,Kimak,98965
9405012003,940501,9405,94,Wuloni,
9405012004,940501,9405,94,Nipuralome,
9405012005,940501,9405,94,Tagaloa,
9405012006,940501,9405,94,Jenggerpaga,98965
9405012007,940501,9405,94,kibogolome,
9405012008,940501,9405,94,Ilambet,
9405012009,940501,9405,94,Kalebut,
9405022001,940502,9405,94,Wangbe,98955
9405022002,940502,9405,94,Jindak,
9405022003,940502,9405,94,Pungki,98955
9405022004,940502,9405,94,Wonalbe,98955
9405022005,940502,9405,94,Ulipia,98955
9405022006,940502,9405,94,Marilaukin,
9405022007,940502,9405,94,Ailpailin,
9405022008,940502,9405,94,Wungbet,98955
9405022009,940502,9405,94,Nagaljagama,98955
9405022010,940502,9405,94,Mongkoihol,98955
9405022011,940502,9405,94,Nangi,
9405032001,940503,9405,94,Yulukoma,98951
9405032002,940503,9405,94,Milawak,98951
9405032003,940503,9405,94,Tinggilbet,
9405032004,940503,9405,94,Ogamki,
9405032005,940503,9405,94,Dengkibuma,
9405032006,940503,9405,94,Dambet,
9405032007,940503,9405,94,Ondugi,98951
9405032008,940503,9405,94,Ambobera,
9405042001,940504,9405,94,Doufo,98982
9405042002,940504,9405,94,Iratoi,98982
9405042003,940504,9405,94,Lani,
9405042004,940504,9405,94,Wahuka,
9405042005,940504,9405,94,Sibita,
9405042006,940504,9405,94,Rawa,98982
9405042007,940504,9405,94,Jirei,98982
9405052001,940505,9405,94,Pogoma,
9405052002,940505,9405,94,Gagama,98976
9405052003,940505,9405,94,Wiha,
9405052004,940505,9405,94,Wakme,
9405052005,940505,9405,94,Ugutmu,
9405052006,940505,9405,94,Yugume,98976
9405052007,940505,9405,94,Kolamagi,
9405052008,940505,9405,94,Guwamu,98976
9405052009,940505,9405,94,Kumasingga,
9405062001,940506,9405,94,Yauria,98977
9405062002,940506,9405,94,Gigobak,98977
9405062003,940506,9405,94,Kalibuk,
9405062004,940506,9405,94,Kelemame,
9405062005,940506,9405,94,Gulabut,
9405062006,940506,9405,94,Kolaribanak,
9405062007,940506,9405,94,Mogulu,
9405062008,940506,9405,94,"Gigobak II",
9405062009,940506,9405,94,"Pasir Putih",98977
9405062010,940506,9405,94,"Gingga Baru",98977
9405062011,940506,9405,94,Tenonggame,
9405072001,940507,9405,94,Agandugume,98970
9405072002,940507,9405,94,Gut'yenggenak,
9405072003,940507,9405,94,Dugunale,
9405072004,940507,9405,94,Ogobak'pelenak,98970
9405072005,940507,9405,94,Dolinggu,98970
9405072006,940507,9405,94,Ayume,98970
9405072007,940507,9405,94,Terowi,98970
9405082001,940508,9405,94,Gome,
9405082002,940508,9405,94,Misimaga,98963
9405082003,940508,9405,94,Upaga,
9405082004,940508,9405,94,Agiyome,98963
9405082005,940508,9405,94,Yenggernok,
9405082006,940508,9405,94,Wako,98963
9405082007,940508,9405,94,Tegelobak,98963
9405082008,940508,9405,94,Ninggabuma,98963
9405082009,940508,9405,94,Kelanungin,98963
9405082010,940508,9405,94,Yonggolawi,
9405092001,940509,9405,94,Tayai,98981
9405092002,940509,9405,94,Kordesi,98981
9405092003,940509,9405,94,Faisau,98981
9405092004,940509,9405,94,Fokri,98981
9405092005,940509,9405,94,Foisa,98981
9405092006,940509,9405,94,Duaita,98981
9405092007,940509,9405,94,Dervos,98981
9405102001,940510,9405,94,Babe,98952
9405102002,940510,9405,94,Jambul,98952
9405102003,940510,9405,94,Nungai,98952
9405102004,940510,9405,94,Mugulip,98952
9405102005,940510,9405,94,Kelmabet,98952
9405102006,940510,9405,94,Jenggeren,98952
9405112001,940511,9405,94,Puluk,98953
9405112002,940511,9405,94,Kelandiruma,98953
9405112003,940511,9405,94,Pupet,98953
9405112004,940511,9405,94,Pilokoma,98953
9405112005,940511,9405,94,Gimurik,98953
9405112006,940511,9405,94,Wandibet,98953
9405112007,940511,9405,94,Meningimte,98953
9405112008,940511,9405,94,Bungok,98953
9405122001,940512,9405,94,"Erong Berong",98954
9405122002,940512,9405,94,Hikinat,98954
9405122003,940512,9405,94,Daung,98954
9405122004,940512,9405,94,Kombet,98954
9405122005,940512,9405,94,Onop,98954
9405122006,940512,9405,94,Kulamagom,98954
9405122007,940512,9405,94,Ogamanin,98954
9405132001,940513,9405,94,Aguit,98972
9405132002,940513,9405,94,Kembru,98972
9405132003,940513,9405,94,Molu,98972
9405132004,940513,9405,94,Belaba,98972
9405132005,940513,9405,94,Makuma,98972
9405132006,940513,9405,94,Tinoti,98972
9405132007,940513,9405,94,Nilime,98972
9405142001,940514,9405,94,Golu,98971
9405142002,940514,9405,94,Bina,98971
9405142003,940514,9405,94,Lumakluk,98971
9405142004,940514,9405,94,Wogot,98971
9405142005,940514,9405,94,Kabogoluk,98971
9405142006,940514,9405,94,Ogomegat,98971
9405142007,940514,9405,94,Mamaput,98971
9405152001,940515,9405,94,Kilunggame,98978
9405152002,940515,9405,94,Bakcini,98978
9405152003,940515,9405,94,Timobut,98978
9405152004,940515,9405,94,"Tagalame I",98978
9405152005,940515,9405,94,Wonelupaga,98978
9405152006,940515,9405,94,Komapaga,98978
9405152007,940515,9405,94,"Timobut Egewak",98978
9405162001,940516,9405,94,Nigilome,98974
9405162002,940516,9405,94,Weni,98974
9405162003,940516,9405,94,Amuleme,98974
9405162004,940516,9405,94,Jigunggi,98974
9405162005,940516,9405,94,Kumikomo,98974
9405162006,940516,9405,94,Rumagi,98974
9405162007,940516,9405,94,Gelegi,98974
9405162008,940516,9405,94,Wombru,98974
9405162009,940516,9405,94,Kondokwe,98974
9405162010,940516,9405,94,Tinibolu,98974
9405162011,940516,9405,94,Winanggwi,98974
9405172001,940517,9405,94,Pamebut,98979
9405172002,940517,9405,94,Agenggen,98979
9405172003,940517,9405,94,Yugumuak,98979
9405172004,940517,9405,94,Wilewak,98979
9405172005,940517,9405,94,Lambera,98979
9405172006,940517,9405,94,Wobulo,98979
9405172007,940517,9405,94,Mugalolo,98979
9405172008,940517,9405,94,Manggame,98979
9405172009,940517,9405,94,Jerusalem,98979
9405172010,940517,9405,94,Wiyabubu,98979
9405182001,940518,9405,94,Mayuberi,98966
9405182002,940518,9405,94,Maki,98966
9405182003,940518,9405,94,Paluga,98966
9405182004,940518,9405,94,Ayali,98966
9405182005,940518,9405,94,Toegi,98966
9405182006,940518,9405,94,Amungi,98966
9405182007,940518,9405,94,Olenki,98966
9405182008,940518,9405,94,Mundiba,98966
9405182009,940518,9405,94,Akonobak,98966
9405192001,940519,9405,94,Bubet,98967
9405192002,940519,9405,94,Bologobak,98967
9405192003,940519,9405,94,Ko'eao,98967
9405192004,940519,9405,94,Ogongki,98967
9405192005,940519,9405,94,Mabuga,98967
9405192006,940519,9405,94,Kabuki,98967
9405192007,940519,9405,94,Oknanim,98967
9405192008,940519,9405,94,Kalemogom,98967
9405202001,940520,9405,94,Eromaga,98968
9405202002,940520,9405,94,Pinggil/Eronggobak,98968
9405202003,940520,9405,94,Gilini,98968
9405202004,940520,9405,94,Pinapa,98968
9405202005,940520,9405,94,Kunga,98968
9405202006,940520,9405,94,Ondugura,98968
9405202007,940520,9405,94,Manggume,98968
9405202008,940520,9405,94,Kuleme,98968
9405202009,940520,9405,94,Ninggibome,98968
9405202010,940520,9405,94,Awilkinop,98968
9405202011,940520,9405,94,Domaoa,98968
9405202012,940520,9405,94,Pungtrama,98968
9405202013,940520,9405,94,Balamagalama,98968
9405202014,940520,9405,94,Aminggaru,98968
9405212001,940521,9405,94,Tuput,98973
9405212002,940521,9405,94,Wenggen'ambut,98973
9405212003,940521,9405,94,Wamiru,98973
9405212004,940521,9405,94,Piluwolu,98973
9405212005,940521,9405,94,Tenawi,98973
9405212006,940521,9405,94,Wanombut,98973
9405212007,940521,9405,94,Pumbanak,98973
9405222001,940522,9405,94,Jiwot,98975
9405222002,940522,9405,94,Gunaluk,98975
9405222003,940522,9405,94,Kugiame,98975
9405222004,940522,9405,94,Wuyunggame,98975
9405222005,940522,9405,94,Deogi,98975
9405222006,940522,9405,94,Jugumi,98975
9405232001,940523,9405,94,Amungkalpia,98961
9405232002,940523,9405,94,Bela,98961
9405232003,940523,9405,94,Ompliga,98961
9405232004,940523,9405,94,Alama,98961
9405232005,940523,9405,94,Tagalarama,98961
9405232006,940523,9405,94,Bemoki,98961
9405242001,940524,9405,94,Mundidok,98964
9405242002,940524,9405,94,"Yaiki Maiki",98964
9405242003,940524,9405,94,Tobenggi,98964
9405242004,940524,9405,94,"Towenggi II",98964
9405242005,940524,9405,94,Welenggaru,98964
9405252001,940525,9405,94,Erelmakawia,98962
9405252002,940525,9405,94,Kalpamonora,98962
9405252003,940525,9405,94,Bomogin,98962
9405252004,940525,9405,94,Mamoldema,98962
9405252005,940525,9405,94,Wamagun,98962
9405252006,940525,9405,94,Amungkonin,98962
9405252007,940525,9405,94,Ipmangkop,98962
9405252008,940525,9405,94,Tamagun,98962
9405252009,940525,9405,94,"Ai Arama",98962
9406012001,940601,9406,94,Ikebo,98882
9406012002,940601,9406,94,Mauwa,98882
9406012003,940601,9406,94,Ekemanida,98882
9406012004,940601,9406,94,Bukapa,98882
9406012005,940601,9406,94,Kimupugi,98882
9406012006,940601,9406,94,Dikiyouwo,98882
9406012007,940601,9406,94,Idakotu,98882
9406012008,940601,9406,94,Putapa,98882
9406022001,940602,9406,94,Bobomani,98871
9406022002,940602,9406,94,Abaimaida,98871
9406022003,940602,9406,94,Bonakunu,98871
9406022004,940602,9406,94,Dawaikunu,98871
9406022005,940602,9406,94,Magone,98871
9406022006,940602,9406,94,Diyoudimi,98871
9406022007,940602,9406,94,Obaikagopa,98871
9406032001,940603,9406,94,Apogomakida,98874
9406032002,940603,9406,94,Deneiode,98874
9406032003,940603,9406,94,Yegiyepa,98874
9406032004,940603,9406,94,Ideduwa,98874
9406032005,940603,9406,94,Kegata,98874
9406032006,940603,9406,94,Egipa,98874
9406032007,940603,9406,94,Ukagu,98874
9406032008,940603,9406,94,Tibaugi,98874
9406042001,940604,9406,94,Idakebo,98885
9406042002,940604,9406,94,"Pugatadi I",98885
9406042003,940604,9406,94,"Pugatadi II",98885
9406042004,940604,9406,94,Ikrar,98885
9406042005,940604,9406,94,Obayo,98885
9406042006,940604,9406,94,Kuyakago,98885
9406042007,940604,9406,94,Mogou,98885
9406042008,940604,9406,94,Yametadi,98885
9406042009,940604,9406,94,Duntek,98885
9406042010,940604,9406,94,Ekimani,98885
9406052001,940605,9406,94,Unito,98875
9406052002,940605,9406,94,Sukikai,98875
9406052003,940605,9406,94,Iyaro,98875
9406052004,940605,9406,94,Wigoumakida,98875
9406062001,940606,9406,94,Abouyaga,98872
9406062002,940606,9406,94,Maikotu,98872
9406062003,940606,9406,94,Taubaikebo,98872
9406062004,940606,9406,94,Yegoukotu,98872
9406072001,940607,9406,94,"Puweta I",98883
9406072002,940607,9406,94,Pouwouda,98883
9406072003,940607,9406,94,"Puweta II",98883
9406072004,940607,9406,94,Botumoma,98883
9406072005,940607,9406,94,Obaibega,98883
9406072006,940607,9406,94,Digikebo,98883
9406072007,940607,9406,94,Bogiyoteugi,98883
9406072008,940607,9406,94,Matadi,98883
9406072009,940607,9406,94,Tuwaida,98883
9406072010,940607,9406,94,Yepo,98883
9406072011,940607,9406,94,Ugikagouda,98883
9406072012,940607,9406,94,Ugikebo,98883
9406082001,940608,9406,94,Ugapuga,98884
9406082002,940608,9406,94,Deiyapa,98884
9406082003,940608,9406,94,Boduda,98884
9406082004,940608,9406,94,Yotapuga,98884
9406082005,940608,9406,94,Bokaibutu,98884
9406082006,940608,9406,94,Bunauwo,98884
9406082007,940608,9406,94,Nuwa,98884
9406092001,940609,9406,94,Piyakunu,98873
9406092002,940609,9406,94,Diyeugi,98873
9406092003,940609,9406,94,Putaapa,98873
9406092004,940609,9406,94,Atou,98873
9406092005,940609,9406,94,Modio,98873
9406092006,940609,9406,94,Upibega,98873
9406092007,940609,9406,94,Timepa,98873
9406092008,940609,9406,94,Gabaikunu,98873
9406092009,940609,9406,94,Adauwo,98873
9406092010,940609,9406,94,Megaikebo,98873
9406102001,940610,9406,94,Dogimani,98881
9406102002,940610,9406,94,Kigamani,98881
9406102003,940610,9406,94,Idadagi,98881
9406102004,940610,9406,94,Denemani,98881
9406102005,940610,9406,94,Makidimi,98881
9406102006,940610,9406,94,Egebutu,98881
9406102007,940610,9406,94,Motito,98881
9406102008,940610,9406,94,Bobobutu,98881
9406102009,940610,9406,94,Pona,98881
9407012001,940701,9407,94,Emondi,98793
9407012002,940701,9407,94,Mindau,98793
9407012003,940701,9407,94,Sambili,98793
9407012004,940701,9407,94,Yoparu,98793
9407012005,940701,9407,94,Yokatapa,98793
9407012006,940701,9407,94,Bilogai,98793
9407012007,940701,9407,94,Puyagia,98793
9407012008,940701,9407,94,Jalae,98793
9407012009,940701,9407,94,Mamba,98793
9407012010,940701,9407,94,Titigi,98793
9407012011,940701,9407,94,Eknemba,98793
9407012012,940701,9407,94,Wandoga,98793
9407012013,940701,9407,94,Pesiga,98793
9407012014,940701,9407,94,Mblusiga,98793
9407012015,940701,9407,94,Ndugusiga,98793
9407012016,940701,9407,94,Kumbalagupa,98793
9407012017,940701,9407,94,Buwisiga,98793
9407022001,940702,9407,94,Mapa,98791
9407022002,940702,9407,94,Bilai,98791
9407022003,940702,9407,94,Maya,98791
9407022004,940702,9407,94,Degesiga,98791
9407022005,940702,9407,94,Pogapa,98791
9407022006,940702,9407,94,Bamba,98791
9407022007,940702,9407,94,Zombandoga,98791
9407022008,940702,9407,94,Kobae,98791
9407022009,940702,9407,94,Selemama,98791
9407022010,940702,9407,94,Kendetapa,98791
9407022011,940702,9407,94,Hiyabu,98791
9407022012,940702,9407,94,Ogoeapa,98791
9407022013,940702,9407,94,Bonogo,98791
9407022014,940702,9407,94,Agapa,98791
9407022015,940702,9407,94,Engganengga,98791
9407022016,940702,9407,94,Waiagepa,98791
9407022017,940702,9407,94,Hugitapa,98791
9407022018,940702,9407,94,Bubisiga,98791
9407022019,940702,9407,94,Nggagemba,98791
9407022020,940702,9407,94,Sanepa,98791
9407022021,940702,9407,94,Mbomogo,98791
9407032001,940703,9407,94,Sabisa,98785
9407032002,940703,9407,94,Dubandoga,98785
9407032003,940703,9407,94,"Debasiga I",98785
9407032004,940703,9407,94,"Debasiga II",98785
9407032005,940703,9407,94,Isandoga,98785
9407032006,940703,9407,94,Mogalo,98785
9407032007,940703,9407,94,Jae,98785
9407032008,940703,9407,94,Mbugulo,98785
9407032009,940703,9407,94,Hulagupa,98785
9407042001,940704,9407,94,Danggatadi,98784
9407042002,940704,9407,94,Mbiandoga,98784
9407042003,940704,9407,94,Bugalaga,98784
9407042004,940704,9407,94,Yagaito,98784
9407042005,940704,9407,94,Kalawa,98784
9407042006,940704,9407,94,Yanei,98784
9407042007,940704,9407,94,Maniuwo,98784
9407042008,940704,9407,94,Tunggapo,98784
9407042009,940704,9407,94,Pagamba,98784
9407042010,940704,9407,94,Maolagi,98784
9407042011,940704,9407,94,Aneya,98784
9407042012,940704,9407,94,Kigitadi,98784
9407042013,940704,9407,94,Ndabatadi,98784
9407042014,940704,9407,94,Moyomataga,98784
9407042015,940704,9407,94,Pitadi,98784
9407042016,940704,9407,94,"Ular Merah",98784
9407052001,940705,9407,94,Agisiga,98782
9407052002,940705,9407,94,Tausiga,98782
9407052003,940705,9407,94,Unabundoga,98782
9407052004,940705,9407,94,Mbamogo,98782
9407052005,940705,9407,94,"Jenetapa Janasiga",98782
9407052006,940705,9407,94,Soali,98782
9407052007,940705,9407,94,Tambage,98782
9407052008,940705,9407,94,Nabia,98782
9407052009,940705,9407,94,Danggoa,98782
9407052010,940705,9407,94,Kombogosiga,98782
9407062001,940706,9407,94,Wabui,98792
9407062002,940706,9407,94,Balaimai,98792
9407062003,940706,9407,94,Janamba,98792
9407062004,940706,9407,94,Kulapa,98792
9407062005,940706,9407,94,Pugisiga,98792
9407062006,940706,9407,94,Hitadipa,98792
9407062007,940706,9407,94,Soanggama,98792
9407062008,940706,9407,94,Danggomba,98792
9407062009,940706,9407,94,Sakumba,98792
9407072001,940707,9407,94,Ugimba,98794
9407072002,940707,9407,94,Bunaopa,98794
9407072003,940707,9407,94,Pigabu,98794
9407072004,940707,9407,94,Teteopa,98794
9407072005,940707,9407,94,Dukendopa,98794
9407072006,940707,9407,94,Nggamagae,98794
9407082001,940708,9407,94,Tomosiga,98783
9407082002,940708,9407,94,Bigasiga,98783
9407082003,940708,9407,94,Dapiaga,98783
9407082004,940708,9407,94,Pewesiga,98783
9407082005,940708,9407,94,Hegenagai,98783
9407082006,940708,9407,94,Gaimigi,98783
9407082007,940708,9407,94,Jawasiga,98783
9407082008,940708,9407,94,Duginggobo,98783
9407082009,940708,9407,94,Sugulubagala,98783
9408012001,940801,9408,94,"Waghete I",98764
9408012002,940801,9408,94,Ugiya,98764
9408012003,940801,9408,94,Yaba,98764
9408012004,940801,9408,94,"Waghete II",98764
9408012005,940801,9408,94,"Bomau I",98764
9408012006,940801,9408,94,Okomakebo,98764
9408012007,940801,9408,94,"Bamou II",98764
9408012008,940801,9408,94,Atouda,98764
9408012009,940801,9408,94,Oneibo,98764
9408012010,940801,9408,94,"Yaba II",98764
9408012011,940801,9408,94,Mugouda,98764
9408012012,940801,9408,94,"Bomou III",98764
9408012013,940801,9408,94,Okomotadi,98764
9408012014,940801,9408,94,Buwoudimi,98764
9408012015,940801,9408,94,Ibodiyo,98764
9408012016,940801,9408,94,Ikiyawo,98764
9408012017,940801,9408,94,Motano,98764
9408012018,940801,9408,94,Amago,98764
9408012019,940801,9408,94,Idege,98764
9408012020,940801,9408,94,Peku,98764
9408022001,940802,9408,94,Damabagata,98771
9408022002,940802,9408,94,Kokobaya,98771
9408022003,940802,9408,94,Watiyai,98771
9408022004,940802,9408,94,Edagotadi,98771
9408022005,940802,9408,94,Dakebo,98771
9408022006,940802,9408,94,Bagou,98771
9408022007,940802,9408,94,Dagokebo,98771
9408022008,940802,9408,94,Ipoke,98771
9408022009,940802,9408,94,Waitakotu,98771
9408022010,940802,9408,94,Pekepa,98771
9408022011,940802,9408,94,Bagumoma,98771
9408022012,940802,9408,94,Udaugida,98771
9408022013,940802,9408,94,"Bagou II",98771
9408022014,940802,9408,94,Idayodagi,98771
9408032001,940803,9408,94,"Kopai I",98751
9408032002,940803,9408,94,"Kopai II",98751
9408032003,940803,9408,94,Woge,98751
9408032004,940803,9408,94,Yewadide,98751
9408032005,940803,9408,94,Mudetadi,98751
9408032006,940803,9408,94,Diita,98751
9408042001,940804,9408,94,Gakokebo,98761
9408042002,940804,9408,94,Demago,98761
9408042003,940804,9408,94,Widuwakiya,98761
9408042004,940804,9408,94,Onago,98761
9408042005,940804,9408,94,Wagomani,98761
9408042006,940804,9408,94,Digibagata,98761
9408042007,940804,9408,94,Piyekedimi,98761
9408042008,940804,9408,94,Ayatei,98761
9408042009,940804,9408,94,Tenedagi,98761
9408042010,940804,9408,94,Diyai,98761
9408042011,940804,9408,94,Jinidaba,98761
9408042012,940804,9408,94,Widimei,98761
9408042013,940804,9408,94,Yagu,98761
9408042014,940804,9408,94,Obai,98761
9408042015,940804,9408,94,Yipai,98761
9408042016,940804,9408,94,"Diyai II",98761
9408042017,940804,9408,94,Meyepa,98761
9408042018,940804,9408,94,Kogemani,98761
9408042019,940804,9408,94,Digikotu,98761
9408042020,940804,9408,94,"Onago II",98761
9408042021,940804,9408,94,Maatadi,98761
9408042022,940804,9408,94,Epanai,98761
9408052001,940805,9408,94,Komauto/Kapiraya,98752
9408052002,940805,9408,94,Mogodagi,98752
9408052003,940805,9408,94,Yamouwitina,98752
9408052004,940805,9408,94,Idego,98752
9408052005,940805,9408,94,"Uwe Onagei",98752
